<?xml version="1.0" encoding="UTF-8"?>
<!DOCTYPE mapper
	PUBLIC "-//mybatis.org//DTD Mapper 3.0//EN"
	"http://mybatis.org/dtd/mybatis-3-mapper.dtd">
<mapper namespace="com.aaa.mapper.ComMapper">
	<!-- resultType 에 복수형(ArrayList 등)을 적는게 아님. 
	그냥 dto 단수의 경로를 적어야됨. -->
	<!-- <select id="getList" resultType="com.aaa.dto.ComDto">
		SELECT * from tbl_com limit #{limitIndex} , 5
	</select> -->
	
	<!-- <select id="getList" resultType="com.aaa.dto.ComDto">
  SELECT bno, btitle, writer
  FROM tbl_com
  ORDER BY bno DESC  최신순: 번호 역순
  LIMIT 5 OFFSET #{limitIndex}
</select> -->

<!-- namespace="com.aaa.mapper.ComMapper"인지 꼭 확인 -->
<select id="getList" resultType="com.aaa.dto.ComDto" parameterType="map">
  SELECT
    b.bno, b.btitle, b.btext, b.writer,
    b.hit,
    b.created_at AS createdAt,           -- 날짜
    COALESCE(c.cnt, 0) AS replyCnt       -- 댓글수
  FROM tbl_com b
  LEFT JOIN (
    SELECT bno, COUNT(*) AS cnt
    FROM `comment`
    GROUP BY bno
  ) c ON c.bno = b.bno
  <choose>
    <when test="sort == 'popular'">
      ORDER BY b.hit DESC, b.created_at DESC
    </when>
    <otherwise>
      ORDER BY b.created_at DESC, b.bno DESC
    </otherwise>
  </choose>
  LIMIT 5 OFFSET #{limitIndex}
</select>


	<!-- 조회수 +1 -->
<update id="increaseHit" parameterType="long">
  UPDATE tbl_com
  SET hit = hit + 1
  WHERE bno = #{bno}
</update>

<!-- ✅ 유지: read (권장 버전) -->
<!-- ComMapper.xml -->
<select id="read" parameterType="long" resultType="com.aaa.dto.ComDto">
  SELECT
    b.bno, b.btitle, b.btext, b.writer,
    b.hit,
    b.created_at AS createdAt,
    (SELECT COUNT(*) FROM `comment` WHERE bno = b.bno) AS replyCnt
  FROM tbl_com b
  WHERE b.bno = #{bno}
</select>



<select id="getCount" resultType="int">
  SELECT COUNT(*) FROM tbl_com
</select>

	
	<delete id="del">
		delete from tbl_com where bno = #{bno}
	</delete>
	
	<insert id="write" parameterType="com.aaa.dto.ComDto">
    insert into tbl_com (btitle, writer, btext)
    values (#{btitle}, #{writer}, #{btext})
</insert>



	
	<update id="modify">
		update tbl_com
		set btext = #{btext}
		where bno = #{bno}
	</update>	
</mapper>

