<?xml version="1.0" encoding="UTF-8"?>
<beans xmlns="http://www.springframework.org/schema/beans"
       xmlns:xsi="http://www.w3.org/2001/XMLSchema-instance"
       xmlns:mybatis-spring="http://mybatis.org/schema/mybatis-spring"
       xmlns:context="http://www.springframework.org/schema/context"
       xmlns:tx="http://www.springframework.org/schema/tx"
       xsi:schemaLocation="
         http://mybatis.org/schema/mybatis-spring http://mybatis.org/schema/mybatis-spring-1.2.xsd
         http://www.springframework.org/schema/beans  https://www.springframework.org/schema/beans/spring-beans.xsd
         http://www.springframework.org/schema/context https://www.springframework.org/schema/context/spring-context.xsd
         http://www.springframework.org/schema/tx      https://www.springframework.org/schema/tx/spring-tx.xsd">

  <!-- ===== DataSource (DBCP2 + log4jdbc) ===== -->
  <bean id="dataSource" class="org.apache.commons.dbcp2.BasicDataSource" destroy-method="close">
    <property name="driverClassName" value="net.sf.log4jdbc.sql.jdbcapi.DriverSpy"/>
    <!-- 필요시 파라미터 추가: serverTimezone, useUnicode 등 -->
    <property name="url" value="jdbc:log4jdbc:mysql://localhost:3306/project?useUnicode=true&amp;characterEncoding=utf8&amp;serverTimezone=Asia/Seoul&amp;useSSL=false&amp;allowPublicKeyRetrieval=true"/>
    <property name="username" value="root"/>
    <property name="password" value="root"/>
    <!-- 선택: 풀 옵션 -->
    <property name="initialSize" value="3"/>
    <property name="maxTotal" value="20"/>
    <property name="maxIdle" value="10"/>
    <property name="minIdle" value="3"/>
    <property name="validationQuery" value="SELECT 1"/>
    <property name="testOnBorrow" value="true"/>
  </bean>

  <!-- ===== MyBatis SqlSessionFactory ===== -->
  <bean id="sqlSessionFactory" class="org.mybatis.spring.SqlSessionFactoryBean">
    <property name="dataSource" ref="dataSource"/>
    <!-- ✅ 매퍼 XML 경로 -->
    <property name="mapperLocations" value="classpath*:mappers/**/*.xml"/>
    <!-- ✅ DTO 패키지 별칭 -->
    <property name="typeAliasesPackage" value="com.aaa.dto"/>
    <!-- 선택: 전역 설정 파일
    <property name="configLocation" value="classpath:mybatis-config.xml"/>
    -->
  </bean>

  <!-- ===== Mapper 인터페이스 스캔 ===== -->
  <mybatis-spring:scan base-package="com.aaa.mapper"/>

  <!-- ✅ 서비스/리포지토리 컴포넌트 스캔 (컨트롤러는 servlet-context.xml에서 스캔) -->
  <context:component-scan base-package="com.aaa.service,com.aaa.repository"/>

  <!-- ✅ 트랜잭션 매니저 & @Transactional 활성화 -->
  <bean id="txManager" class="org.springframework.jdbc.datasource.DataSourceTransactionManager">
    <property name="dataSource" ref="dataSource"/>
  </bean>
  <tx:annotation-driven transaction-manager="txManager"/>

</beans>
