<?xml version="1.0" encoding="UTF-8"?>
<!DOCTYPE mapper
  PUBLIC "-//mybatis.org//DTD Mapper 3.0//EN"
  "http://mybatis.org/dtd/mybatis-3-mapper.dtd">

<mapper namespace="com.aaa.mapper.CommentMapper">

    <!-- 댓글 리스트 (계층형 정렬: 그룹 → 순서) -->
    <select id="getCommentList" resultType="com.aaa.dto.CommentDto">
        SELECT *
        FROM comment
        WHERE bno = #{bno}
        ORDER BY comment_group ASC, comment_order ASC
    </select>

    <!-- 1. 원댓글 INSERT (comment_group 없이) -->
    <insert id="insertComment" parameterType="com.aaa.dto.CommentDto" useGeneratedKeys="true" keyProperty="cno">
        INSERT INTO comment (bno, writer, content, parent_cno, depth, comment_group, comment_order)
        VALUES (#{bno}, #{writer}, #{content}, NULL, 0, NULL, 0)
    </insert>

    <!-- 2. INSERT 후 comment_group 업데이트 -->
    <update id="updateCommentGroup" parameterType="long">
        UPDATE comment
        SET comment_group = #{cno}
        WHERE cno = #{cno}
    </update>

    <!-- 대댓글 등록 전: 같은 그룹 내 order 밀기 -->
    <update id="increaseCommentOrder" parameterType="map">
        UPDATE comment
        SET comment_order = comment_order + 1
        WHERE comment_group = #{commentGroup}
          AND comment_order >= #{commentOrder}
    </update>

    <!-- 대댓글 등록 -->
    <insert id="insertReply" parameterType="com.aaa.dto.CommentDto">
        INSERT INTO comment (bno, writer, content, parent_cno, depth, comment_group, comment_order)
        VALUES (
            #{bno}, #{writer}, #{content}, #{parentCno}, #{depth},
            #{commentGroup}, #{commentOrder}
        )
    </insert>

    <!-- 댓글 수정 -->
    <update id="updateComment" parameterType="com.aaa.dto.CommentDto">
        UPDATE comment
        SET content = #{content}
        WHERE cno = #{cno}
    </update>

    <!-- 댓글 삭제 -->
    <delete id="deleteComment">
        DELETE FROM comment WHERE cno = #{cno}
    </delete>

</mapper>